timestamp,datetime,price_window,current_price,model_type,rf_prediction,rf_confidence,xgb_prediction,xgb_confidence,used_model,prediction,confidence,threshold_met,prediction_time,trade_executed,trade_id,trade_type,trade_time
1746265527,2025-05-03 15:15:26,"[96255.64, 96255.64, 96255.65, 96255.64, 96255.64]",96255.64,ensemble,UP,0.54,UP,0.87544346,XGBoost,UP,0.8754434585571289,True,0.33133840560913086,True,a7b90a3c-a26f-450b-922d-af734d420b49,BUY,1.0089755058288574
1746265532,2025-05-03 15:15:31,"[96255.64, 96255.65, 96255.64, 96255.64, 96255.65]",96255.65,ensemble,UP,0.54,UP,0.8707341,XGBoost,UP,0.8707340955734253,True,0.29872608184814453,,,,
1746265537,2025-05-03 15:15:36,"[96255.65, 96255.64, 96255.64, 96255.65, 96255.65]",96255.65,ensemble,UP,0.54,UP,0.9108306,XGBoost,UP,0.9108306169509888,True,0.2939600944519043,,,,
1746265542,2025-05-03 15:15:41,"[96255.64, 96255.64, 96255.65, 96255.65, 96255.65]",96255.65,ensemble,UP,0.54,UP,0.9108306,XGBoost,UP,0.9108306169509888,True,0.35248613357543945,,,,
1746265547,2025-05-03 15:15:46,"[96255.64, 96255.65, 96255.65, 96255.65, 96255.65]",96255.65,ensemble,UP,0.54,UP,0.910969,XGBoost,UP,0.9109690189361572,True,0.30603957176208496,,,,
1746265552,2025-05-03 15:15:51,"[96255.65, 96255.65, 96255.65, 96255.65, 96255.64]",96255.64,ensemble,UP,0.54,UP,0.95189923,XGBoost,UP,0.9518992304801941,True,0.3498661518096924,,,,
1746265557,2025-05-03 15:15:56,"[96255.65, 96255.65, 96255.65, 96255.64, 96255.64]",96255.64,ensemble,UP,0.54,UP,0.83626693,XGBoost,UP,0.8362669348716736,True,0.3165473937988281,,,,
1746265562,2025-05-03 15:16:01,"[96255.65, 96255.65, 96255.64, 96255.64, 96255.65]",96255.65,ensemble,UP,0.54,UP,0.9108306,XGBoost,UP,0.9108306169509888,True,0.36421847343444824,,,,
1746265567,2025-05-03 15:16:06,"[96255.65, 96255.64, 96255.64, 96255.65, 96255.65]",96255.65,ensemble,UP,0.54,UP,0.9108306,XGBoost,UP,0.9108306169509888,True,0.3776371479034424,,,,
1746265572,2025-05-03 15:16:11,"[96255.64, 96255.64, 96255.65, 96255.65, 96255.65]",96255.65,ensemble,UP,0.54,UP,0.9108306,XGBoost,UP,0.9108306169509888,True,0.3441648483276367,,,,
1746265577,2025-05-03 15:16:16,"[96255.64, 96255.65, 96255.65, 96255.65, 96347.16]",96347.16,ensemble,UP,0.56,UP,0.83368796,XGBoost,UP,0.833687961101532,True,0.3596160411834717,True,da4fab55-3c0d-4c46-ab61-3dfa2f80a319,BUY,1.0249829292297363
1746265582,2025-05-03 15:16:21,"[96255.65, 96255.65, 96255.65, 96347.16, 96347.16]",96347.16,ensemble,UP,0.59,UP,0.52782077,RandomForest,UP,0.59,False,0.4907255172729492,,,,
1746265587,2025-05-03 15:16:26,"[96255.65, 96255.65, 96347.16, 96347.16, 96347.16]",96347.16,ensemble,UP,0.65,UP,0.9496687,XGBoost,UP,0.9496687054634094,True,0.36969614028930664,,,,
1746265592,2025-05-03 15:16:31,"[96255.65, 96347.16, 96347.16, 96347.16, 96347.15]",96347.15,ensemble,UP,0.64,UP,0.7190305,XGBoost,UP,0.719030499458313,True,0.35980772972106934,,,,
1746265597,2025-05-03 15:16:36,"[96347.16, 96347.16, 96347.16, 96347.15, 96347.16]",96347.16,ensemble,UP,0.59,UP,0.910969,XGBoost,UP,0.9109690189361572,True,0.3885500431060791,,,,
1746265602,2025-05-03 15:16:41,"[96347.16, 96347.16, 96347.15, 96347.16, 96347.15]",96347.15,ensemble,UP,0.59,UP,0.83626693,XGBoost,UP,0.8362669348716736,True,0.3590126037597656,,,,
1746265607,2025-05-03 15:16:46,"[96347.16, 96347.15, 96347.16, 96347.15, 96347.16]",96347.16,ensemble,UP,0.59,UP,0.9108306,XGBoost,UP,0.9108306169509888,True,0.3522002696990967,,,,
1746265612,2025-05-03 15:16:51,"[96347.15, 96347.16, 96347.15, 96347.16, 96347.15]",96347.15,ensemble,UP,0.59,UP,0.8269079,XGBoost,UP,0.8269078731536865,True,0.3475687503814697,,,,
1746265617,2025-05-03 15:16:56,"[96347.16, 96347.15, 96347.16, 96347.15, 96347.15]",96347.15,ensemble,UP,0.59,UP,0.8269079,XGBoost,UP,0.8269078731536865,True,0.37976622581481934,,,,
1746265622,2025-05-03 15:17:01,"[96347.15, 96347.16, 96347.15, 96347.15, 96327.25]",96327.25,ensemble,UP,0.59,UP,0.95189923,XGBoost,UP,0.9518992304801941,True,0.5425548553466797,,,,
1746265627,2025-05-03 15:17:06,"[96347.16, 96347.15, 96347.15, 96327.25, 96327.26]",96327.26,ensemble,UP,0.59,UP,0.84426934,XGBoost,UP,0.844269335269928,True,0.45707130432128906,True,e1d9753b-fef9-4099-b434-ebdf816eb23a,BUY,1.0121467113494873
1746265632,2025-05-03 15:17:11,"[96347.15, 96347.15, 96327.25, 96327.26, 96327.25]",96327.25,ensemble,UP,0.56,UP,0.8269079,XGBoost,UP,0.8269078731536865,True,0.3618142604827881,,,,
1746265637,2025-05-03 15:17:16,"[96347.15, 96327.25, 96327.26, 96327.25, 96327.26]",96327.26,ensemble,UP,0.56,UP,0.8653152,XGBoost,UP,0.8653151988983154,True,0.6100385189056396,,,,
1746265642,2025-05-03 15:17:21,"[96327.25, 96327.26, 96327.25, 96327.26, 96327.26]",96327.26,ensemble,UP,0.56,UP,0.9108306,XGBoost,UP,0.9108306169509888,True,0.41233301162719727,,,,
1746265647,2025-05-03 15:17:26,"[96327.26, 96327.25, 96327.26, 96327.26, 96327.25]",96327.25,ensemble,UP,0.56,UP,0.83626693,XGBoost,UP,0.8362669348716736,True,0.36124110221862793,,,,
1746265652,2025-05-03 15:17:31,"[96327.25, 96327.26, 96327.26, 96327.25, 96327.26]",96327.26,ensemble,UP,0.56,UP,0.9108306,XGBoost,UP,0.9108306169509888,True,0.35076236724853516,,,,
1746265657,2025-05-03 15:17:36,"[96327.26, 96327.26, 96327.25, 96327.26, 96327.25]",96327.25,ensemble,UP,0.56,UP,0.83626693,XGBoost,UP,0.8362669348716736,True,0.4060235023498535,,,,
1746265662,2025-05-03 15:17:41,"[96327.26, 96327.25, 96327.26, 96327.25, 96327.25]",96327.25,ensemble,UP,0.56,UP,0.8269079,XGBoost,UP,0.8269078731536865,True,0.3552670478820801,,,,
1746265667,2025-05-03 15:17:46,"[96327.25, 96327.26, 96327.25, 96327.25, 96327.26]",96327.26,ensemble,UP,0.56,UP,0.8707341,XGBoost,UP,0.8707340955734253,True,0.35533761978149414,,,,
1746265672,2025-05-03 15:17:51,"[96327.26, 96327.25, 96327.25, 96327.26, 96327.26]",96327.26,ensemble,UP,0.56,UP,0.9108306,XGBoost,UP,0.9108306169509888,True,0.35260558128356934,,,,
1746265677,2025-05-03 15:17:56,"[96327.25, 96327.25, 96327.26, 96327.26, 96336.0]",96336.0,ensemble,UP,0.56,UP,0.8562469,XGBoost,UP,0.8562468886375427,True,0.3634204864501953,,,,
1746265682,2025-05-03 15:18:01,"[96327.25, 96327.26, 96327.26, 96336.0, 96336.0]",96336.0,ensemble,UP,0.56,UP,0.8707341,XGBoost,UP,0.8707340955734253,True,0.4259805679321289,True,822c1e44-f347-4fc7-a258-d05fd03cc0a5,BUY,1.0081770420074463
1746265687,2025-05-03 15:18:06,"[96327.26, 96327.26, 96336.0, 96336.0, 96336.0]",96336.0,ensemble,UP,0.56,UP,0.9108306,XGBoost,UP,0.9108306169509888,True,0.521172046661377,,,,
1746265692,2025-05-03 15:18:11,"[96327.26, 96336.0, 96336.0, 96336.0, 96336.0]",96336.0,ensemble,UP,0.56,UP,0.910969,XGBoost,UP,0.9109690189361572,True,0.40027451515197754,,,,
1746265697,2025-05-03 15:18:16,"[96336.0, 96336.0, 96336.0, 96336.0, 96340.87]",96340.87,ensemble,UP,0.56,UP,0.8562469,XGBoost,UP,0.8562468886375427,True,0.3583943843841553,,,,
1746265702,2025-05-03 15:18:21,"[96336.0, 96336.0, 96336.0, 96340.87, 96341.05]",96341.05,ensemble,UP,0.56,UP,0.8707341,XGBoost,UP,0.8707340955734253,True,0.38260459899902344,,,,
1746265707,2025-05-03 15:18:26,"[96336.0, 96336.0, 96340.87, 96341.05, 96344.36]",96344.36,ensemble,UP,0.57,UP,0.86323917,XGBoost,UP,0.8632391691207886,True,0.3486020565032959,,,,
1746265712,2025-05-03 15:18:31,"[96336.0, 96340.87, 96341.05, 96344.36, 96357.77]",96357.77,ensemble,UP,0.57,UP,0.8562469,XGBoost,UP,0.8562468886375427,True,0.34659647941589355,,,,
1746265717,2025-05-03 15:18:36,"[96340.87, 96341.05, 96344.36, 96357.77, 96357.76]",96357.76,ensemble,UP,0.63,UP,0.8550926,XGBoost,UP,0.8550925850868225,True,0.3681068420410156,,,,
1746265722,2025-05-03 15:18:41,"[96341.05, 96344.36, 96357.77, 96357.76, 96357.76]",96357.76,ensemble,UP,0.65,UP,0.92491305,XGBoost,UP,0.9249130487442017,True,0.3587970733642578,,,,
1746265727,2025-05-03 15:18:46,"[96344.36, 96357.77, 96357.76, 96357.76, 96351.96]",96351.96,ensemble,UP,0.64,UP,0.8735324,XGBoost,UP,0.8735324144363403,True,0.5563457012176514,,,,
1746265732,2025-05-03 15:18:51,"[96357.77, 96357.76, 96357.76, 96351.96, 96351.97]",96351.97,ensemble,UP,0.64,UP,0.83626693,XGBoost,UP,0.8362669348716736,True,0.3843669891357422,,,,
1746265737,2025-05-03 15:18:56,"[96357.76, 96357.76, 96351.96, 96351.97, 96351.96]",96351.96,ensemble,UP,0.62,UP,0.8269079,XGBoost,UP,0.8269078731536865,True,0.37196993827819824,True,6d54228a-77d9-4d8c-8061-5407e792b7f9,BUY,1.0069048404693604
1746265742,2025-05-03 15:19:01,"[96357.76, 96351.96, 96351.97, 96351.96, 96351.96]",96351.96,ensemble,UP,0.62,UP,0.87544346,XGBoost,UP,0.8754434585571289,True,0.3591294288635254,,,,
1746265747,2025-05-03 15:19:06,"[96351.96, 96351.97, 96351.96, 96351.96, 96351.97]",96351.97,ensemble,UP,0.62,UP,0.8707341,XGBoost,UP,0.8707340955734253,True,0.38464808464050293,,,,
1746265752,2025-05-03 15:19:11,"[96351.97, 96351.96, 96351.96, 96351.97, 96351.96]",96351.96,ensemble,UP,0.62,UP,0.8269079,XGBoost,UP,0.8269078731536865,True,0.44297313690185547,,,,
1746265757,2025-05-03 15:19:16,"[96351.96, 96351.96, 96351.97, 96351.96, 96341.4]",96341.4,ensemble,UP,0.62,UP,0.95189923,XGBoost,UP,0.9518992304801941,True,0.38198399543762207,,,,
1746265762,2025-05-03 15:19:21,"[96351.96, 96351.97, 96351.96, 96341.4, 96341.41]",96341.41,ensemble,UP,0.58,UP,0.83626693,XGBoost,UP,0.8362669348716736,True,0.37635231018066406,,,,
1746265767,2025-05-03 15:19:26,"[96351.97, 96351.96, 96341.4, 96341.41, 96341.41]",96341.41,ensemble,UP,0.56,UP,0.8269079,XGBoost,UP,0.8269078731536865,True,0.36179113388061523,,,,
1746265772,2025-05-03 15:19:31,"[96351.96, 96341.4, 96341.41, 96341.41, 96341.41]",96341.41,ensemble,UP,0.57,UP,0.87544346,XGBoost,UP,0.8754434585571289,True,0.37619805335998535,,,,
1746265777,2025-05-03 15:19:36,"[96341.4, 96341.41, 96341.41, 96341.41, 96341.41]",96341.41,ensemble,UP,0.57,UP,0.910969,XGBoost,UP,0.9109690189361572,True,0.3818693161010742,,,,
1746265782,2025-05-03 15:19:42,"[96341.41, 96341.41, 96341.41, 96341.41, 96337.12]",96337.12,ensemble,UP,0.57,UP,0.95189923,XGBoost,UP,0.9518992304801941,True,0.33811330795288086,,,,
1746265787,2025-05-03 15:19:47,"[96341.41, 96341.41, 96341.41, 96337.12, 96337.13]",96337.13,ensemble,UP,0.57,UP,0.83626693,XGBoost,UP,0.8362669348716736,True,0.3866736888885498,True,8005801f-67e5-4eb2-8ef7-123004aa7821,BUY,1.0081923007965088
1746265797,2025-05-03 15:19:57,"[96341.41, 96341.41, 96337.12, 96337.13, 96337.13]",96337.13,ensemble,UP,0.56,UP,0.8269079,XGBoost,UP,0.8269078731536865,True,0.5235381126403809,,,,
1746265802,2025-05-03 15:20:02,"[96341.41, 96337.12, 96337.13, 96337.13, 96337.13]",96337.13,ensemble,UP,0.56,UP,0.87544346,XGBoost,UP,0.8754434585571289,True,0.3945791721343994,,,,
1746265807,2025-05-03 15:20:07,"[96337.12, 96337.13, 96337.13, 96337.13, 96337.13]",96337.13,ensemble,UP,0.56,UP,0.910969,XGBoost,UP,0.9109690189361572,True,0.36993980407714844,,,,
1746265812,2025-05-03 15:20:12,"[96337.13, 96337.13, 96337.13, 96337.13, 96335.1]",96335.1,ensemble,UP,0.56,UP,0.95189923,XGBoost,UP,0.9518992304801941,True,0.3443436622619629,,,,
1746265817,2025-05-03 15:20:17,"[96337.13, 96337.13, 96337.13, 96335.1, 96335.1]",96335.1,ensemble,UP,0.56,UP,0.83626693,XGBoost,UP,0.8362669348716736,True,0.3495595455169678,,,,
1746265822,2025-05-03 15:20:22,"[96337.13, 96337.13, 96335.1, 96335.1, 96335.1]",96335.1,ensemble,UP,0.56,UP,0.8269079,XGBoost,UP,0.8269078731536865,True,0.3834521770477295,,,,
1746265827,2025-05-03 15:20:27,"[96337.13, 96335.1, 96335.1, 96335.1, 96325.4]",96325.4,ensemble,UP,0.55,UP,0.95189923,XGBoost,UP,0.9518992304801941,True,0.3360402584075928,,,,
1746265832,2025-05-03 15:20:32,"[96335.1, 96335.1, 96335.1, 96325.4, 96304.43]",96304.43,ensemble,UP,0.52,UP,0.95189923,XGBoost,UP,0.9518992304801941,True,0.5010745525360107,,,,
1746265837,2025-05-03 15:20:37,"[96335.1, 96335.1, 96325.4, 96304.43, 96300.02]",96300.02,ensemble,UP,0.52,UP,0.84426934,XGBoost,UP,0.844269335269928,True,0.3048417568206787,,,,
1746265842,2025-05-03 15:20:42,"[96335.1, 96325.4, 96304.43, 96300.02, 96300.02]",96300.02,ensemble,UP,0.51,UP,0.8269079,XGBoost,UP,0.8269078731536865,True,0.3589053153991699,True,f2c2a701-0785-4cb1-bc61-75b562c03378,BUY,1.0049335956573486
1746265847,2025-05-03 15:20:47,"[96325.4, 96304.43, 96300.02, 96300.02, 96300.01]",96300.01,ensemble,UP,0.52,UP,0.87133175,XGBoost,UP,0.8713317513465881,True,0.2896711826324463,,,,
1746265852,2025-05-03 15:20:52,"[96304.43, 96300.02, 96300.02, 96300.01, 96293.65]",96293.65,ensemble,UP,0.52,UP,0.95189923,XGBoost,UP,0.9518992304801941,True,0.3096601963043213,,,,
1746265857,2025-05-03 15:20:57,"[96300.02, 96300.02, 96300.01, 96293.65, 96293.66]",96293.66,ensemble,UP,0.52,UP,0.83626693,XGBoost,UP,0.8362669348716736,True,0.308823823928833,,,,
1746265862,2025-05-03 15:21:02,"[96300.02, 96300.01, 96293.65, 96293.66, 96293.65]",96293.65,ensemble,UP,0.52,UP,0.8269079,XGBoost,UP,0.8269078731536865,True,0.3438682556152344,,,,
1746265867,2025-05-03 15:21:07,"[96300.01, 96293.65, 96293.66, 96293.65, 96293.66]",96293.66,ensemble,UP,0.52,UP,0.87544346,XGBoost,UP,0.8754434585571289,True,0.3014204502105713,,,,
1746265872,2025-05-03 15:21:12,"[96293.65, 96293.66, 96293.65, 96293.66, 96293.65]",96293.65,ensemble,UP,0.56,UP,0.8269079,XGBoost,UP,0.8269078731536865,True,0.31012701988220215,,,,
1746265877,2025-05-03 15:21:17,"[96293.66, 96293.65, 96293.66, 96293.65, 96293.66]",96293.66,ensemble,UP,0.56,UP,0.9108306,XGBoost,UP,0.9108306169509888,True,0.3102409839630127,,,,
1746265882,2025-05-03 15:21:22,"[96293.65, 96293.66, 96293.65, 96293.66, 96293.66]",96293.66,ensemble,UP,0.56,UP,0.9108306,XGBoost,UP,0.9108306169509888,True,0.3073081970214844,,,,
1746265887,2025-05-03 15:21:27,"[96293.66, 96293.65, 96293.66, 96293.66, 96293.66]",96293.66,ensemble,UP,0.56,UP,0.910969,XGBoost,UP,0.9109690189361572,True,0.31087827682495117,,,,
1746265892,2025-05-03 15:21:32,"[96293.65, 96293.66, 96293.66, 96293.66, 96293.66]",96293.66,ensemble,UP,0.56,UP,0.910969,XGBoost,UP,0.9109690189361572,True,0.3746979236602783,True,0b937720-b7b5-43dd-a401-34796cb51bd8,BUY,1.0035667419433594
1746265897,2025-05-03 15:21:37,"[96293.66, 96293.66, 96293.66, 96293.66, 96300.02]",96300.02,ensemble,UP,0.56,UP,0.8562469,XGBoost,UP,0.8562468886375427,True,0.5084772109985352,,,,
1746265902,2025-05-03 15:21:42,"[96293.66, 96293.66, 96293.66, 96300.02, 96300.02]",96300.02,ensemble,UP,0.56,UP,0.8707341,XGBoost,UP,0.8707340955734253,True,0.33503293991088867,,,,
1746265907,2025-05-03 15:21:47,"[96293.66, 96293.66, 96300.02, 96300.02, 96300.02]",96300.02,ensemble,UP,0.56,UP,0.9108306,XGBoost,UP,0.9108306169509888,True,0.33416032791137695,,,,
1746265912,2025-05-03 15:21:52,"[96293.66, 96300.02, 96300.02, 96300.02, 96300.02]",96300.02,ensemble,UP,0.56,UP,0.910969,XGBoost,UP,0.9109690189361572,True,0.3526308536529541,,,,
1746265917,2025-05-03 15:21:57,"[96300.02, 96300.02, 96300.02, 96300.02, 96300.03]",96300.03,ensemble,UP,0.52,UP,0.8562469,XGBoost,UP,0.8562468886375427,True,0.32531023025512695,,,,
1746265922,2025-05-03 15:22:02,"[96300.02, 96300.02, 96300.02, 96300.03, 96300.03]",96300.03,ensemble,UP,0.52,UP,0.8707341,XGBoost,UP,0.8707340955734253,True,0.33249449729919434,,,,
1746265927,2025-05-03 15:22:07,"[96300.02, 96300.02, 96300.03, 96300.03, 96300.02]",96300.02,ensemble,UP,0.52,UP,0.8269079,XGBoost,UP,0.8269078731536865,True,0.3274867534637451,,,,
1746265932,2025-05-03 15:22:12,"[96300.02, 96300.03, 96300.03, 96300.02, 96300.02]",96300.02,ensemble,UP,0.52,UP,0.8269079,XGBoost,UP,0.8269078731536865,True,0.31644463539123535,,,,
1746265937,2025-05-03 15:22:17,"[96300.03, 96300.03, 96300.02, 96300.02, 96300.03]",96300.03,ensemble,UP,0.52,UP,0.9108306,XGBoost,UP,0.9108306169509888,True,0.4007546901702881,,,,
1746265942,2025-05-03 15:22:22,"[96300.03, 96300.02, 96300.02, 96300.03, 96300.03]",96300.03,ensemble,UP,0.52,UP,0.9108306,XGBoost,UP,0.9108306169509888,True,0.34969353675842285,,,,
1746265947,2025-05-03 15:22:27,"[96300.02, 96300.02, 96300.03, 96300.03, 96300.02]",96300.02,ensemble,UP,0.52,UP,0.8269079,XGBoost,UP,0.8269078731536865,True,0.36475086212158203,True,e5cf3a7d-64e5-4942-b419-3fce754a5b97,BUY,1.0043268203735352
1746265952,2025-05-03 15:22:32,"[96300.02, 96300.03, 96300.03, 96300.02, 96300.03]",96300.03,ensemble,UP,0.52,UP,0.9108306,XGBoost,UP,0.9108306169509888,True,0.3172619342803955,,,,
1746265957,2025-05-03 15:22:37,"[96300.03, 96300.03, 96300.02, 96300.03, 96300.02]",96300.02,ensemble,UP,0.52,UP,0.83626693,XGBoost,UP,0.8362669348716736,True,0.34882235527038574,,,,
1746265962,2025-05-03 15:22:42,"[96300.03, 96300.02, 96300.03, 96300.02, 96300.03]",96300.03,ensemble,UP,0.52,UP,0.9108306,XGBoost,UP,0.9108306169509888,True,0.36156463623046875,,,,
1746265967,2025-05-03 15:22:47,"[96300.02, 96300.03, 96300.02, 96300.03, 96300.02]",96300.02,ensemble,UP,0.52,UP,0.8269079,XGBoost,UP,0.8269078731536865,True,0.32578134536743164,,,,
1746265972,2025-05-03 15:22:52,"[96300.03, 96300.02, 96300.03, 96300.02, 96300.02]",96300.02,ensemble,UP,0.52,UP,0.8269079,XGBoost,UP,0.8269078731536865,True,0.35860586166381836,,,,
1746265977,2025-05-03 15:22:57,"[96300.02, 96300.03, 96300.02, 96300.02, 96300.03]",96300.03,ensemble,UP,0.52,UP,0.8707341,XGBoost,UP,0.8707340955734253,True,0.34465599060058594,,,,
1746265982,2025-05-03 15:23:02,"[96300.03, 96300.02, 96300.02, 96300.03, 96300.03]",96300.03,ensemble,UP,0.52,UP,0.9108306,XGBoost,UP,0.9108306169509888,True,0.30030083656311035,,,,
1746265987,2025-05-03 15:23:07,"[96300.02, 96300.02, 96300.03, 96300.03, 96300.03]",96300.03,ensemble,UP,0.52,UP,0.9108306,XGBoost,UP,0.9108306169509888,True,0.2897062301635742,,,,
1746265992,2025-05-03 15:23:12,"[96300.02, 96300.03, 96300.03, 96300.03, 96300.03]",96300.03,ensemble,UP,0.52,UP,0.910969,XGBoost,UP,0.9109690189361572,True,0.2822737693786621,,,,
1746265997,2025-05-03 15:23:17,"[96300.03, 96300.03, 96300.03, 96300.03, 96300.03]",96300.03,ensemble,UP,0.52,UP,0.87854594,XGBoost,UP,0.8785459399223328,True,0.3120119571685791,,,,
1746266002,2025-05-03 15:23:22,"[96300.03, 96300.03, 96300.03, 96300.03, 96300.02]",96300.02,ensemble,UP,0.52,UP,0.95189923,XGBoost,UP,0.9518992304801941,True,0.5140912532806396,True,ed7b5d2f-05b2-46ec-8b6f-72b12f34703e,BUY,1.0172865390777588
1746266012,2025-05-03 15:23:32,"[96300.03, 96300.03, 96300.03, 96300.02, 96300.02]",96300.02,ensemble,UP,0.52,UP,0.83626693,XGBoost,UP,0.8362669348716736,True,0.32493138313293457,,,,
1746266017,2025-05-03 15:23:37,"[96300.03, 96300.03, 96300.02, 96300.02, 96295.05]",96295.05,ensemble,UP,0.52,UP,0.95189923,XGBoost,UP,0.9518992304801941,True,0.35378050804138184,,,,
1746266022,2025-05-03 15:23:42,"[96300.03, 96300.02, 96300.02, 96295.05, 96295.06]",96295.06,ensemble,UP,0.52,UP,0.83626693,XGBoost,UP,0.8362669348716736,True,0.3403451442718506,,,,
1746266027,2025-05-03 15:23:47,"[96300.02, 96300.02, 96295.05, 96295.06, 96295.06]",96295.06,ensemble,UP,0.52,UP,0.8269079,XGBoost,UP,0.8269078731536865,True,0.3424825668334961,,,,
1746266032,2025-05-03 15:23:52,"[96300.02, 96295.05, 96295.06, 96295.06, 96295.06]",96295.06,ensemble,UP,0.52,UP,0.87544346,XGBoost,UP,0.8754434585571289,True,0.31753087043762207,,,,
1746266037,2025-05-03 15:23:57,"[96295.05, 96295.06, 96295.06, 96295.06, 96295.05]",96295.05,ensemble,UP,0.52,UP,0.83626693,XGBoost,UP,0.8362669348716736,True,0.34712767601013184,,,,
1746266042,2025-05-03 15:24:02,"[96295.06, 96295.06, 96295.06, 96295.05, 96295.06]",96295.06,ensemble,UP,0.52,UP,0.910969,XGBoost,UP,0.9109690189361572,True,0.39636802673339844,,,,
1746266047,2025-05-03 15:24:07,"[96295.06, 96295.06, 96295.05, 96295.06, 96295.06]",96295.06,ensemble,UP,0.52,UP,0.910969,XGBoost,UP,0.9109690189361572,True,0.3277144432067871,,,,
1746266052,2025-05-03 15:24:12,"[96295.06, 96295.05, 96295.06, 96295.06, 96295.05]",96295.05,ensemble,UP,0.52,UP,0.83626693,XGBoost,UP,0.8362669348716736,True,0.3073770999908447,,,,
1746266057,2025-05-03 15:24:17,"[96295.05, 96295.06, 96295.06, 96295.05, 96295.06]",96295.06,ensemble,UP,0.52,UP,0.9108306,XGBoost,UP,0.9108306169509888,True,0.3437986373901367,True,67e904ff-281b-4913-9931-bacaae051722,BUY,1.0069832801818848
1746266062,2025-05-03 15:24:22,"[96295.06, 96295.06, 96295.05, 96295.06, 96274.83]",96274.83,ensemble,UP,0.54,UP,0.95189923,XGBoost,UP,0.9518992304801941,True,0.34744834899902344,,,,
1746266067,2025-05-03 15:24:27,"[96295.06, 96295.05, 96295.06, 96274.83, 96274.83]",96274.83,ensemble,UP,0.51,UP,0.84426934,XGBoost,UP,0.844269335269928,True,0.3194692134857178,,,,
1746266072,2025-05-03 15:24:32,"[96295.05, 96295.06, 96274.83, 96274.83, 96266.29]",96266.29,ensemble,DOWN,0.51,UP,0.83626693,XGBoost,UP,0.8362669348716736,True,0.31865572929382324,,,,
1746266077,2025-05-03 15:24:37,"[96295.06, 96274.83, 96274.83, 96266.29, 96255.66]",96255.66,ensemble,DOWN,0.51,UP,0.82359505,XGBoost,UP,0.8235950469970703,True,0.3688328266143799,,,,
1746266082,2025-05-03 15:24:42,"[96274.83, 96274.83, 96266.29, 96255.66, 96252.73]",96252.73,ensemble,UP,0.54,UP,0.83626693,XGBoost,UP,0.8362669348716736,True,0.3824474811553955,,,,
1746266087,2025-05-03 15:24:47,"[96274.83, 96266.29, 96255.66, 96252.73, 96252.72]",96252.72,ensemble,UP,0.54,UP,0.8269079,XGBoost,UP,0.8269078731536865,True,0.32294464111328125,,,,
1746266092,2025-05-03 15:24:52,"[96266.29, 96255.66, 96252.73, 96252.72, 96252.72]",96252.72,ensemble,UP,0.54,UP,0.88106966,XGBoost,UP,0.8810696601867676,True,0.36853718757629395,,,,
1746266097,2025-05-03 15:24:57,"[96255.66, 96252.73, 96252.72, 96252.72, 96241.78]",96241.78,ensemble,UP,0.54,UP,0.95189923,XGBoost,UP,0.9518992304801941,True,0.3311421871185303,,,,
1746266102,2025-05-03 15:25:02,"[96252.73, 96252.72, 96252.72, 96241.78, 96241.78]",96241.78,ensemble,UP,0.56,UP,0.83626693,XGBoost,UP,0.8362669348716736,True,0.45212268829345703,,,,
1746266107,2025-05-03 15:25:07,"[96252.72, 96252.72, 96241.78, 96241.78, 96230.17]",96230.17,ensemble,UP,0.6266666666666666,UP,0.95534813,XGBoost,UP,0.9553481340408325,True,0.34354352951049805,True,21188517-ded0-4b01-aa46-6e9fb6eaa84e,BUY,1.0074546337127686
1746266112,2025-05-03 15:25:12,"[96252.72, 96241.78, 96241.78, 96230.17, 96230.16]",96230.16,ensemble,UP,0.6266666666666666,UP,0.8269079,XGBoost,UP,0.8269078731536865,True,0.3613407611846924,,,,
1746266117,2025-05-03 15:25:17,"[96241.78, 96241.78, 96230.17, 96230.16, 96230.17]",96230.17,ensemble,UP,0.6266666666666666,UP,0.8269079,XGBoost,UP,0.8269078731536865,True,0.32678699493408203,,,,
1746266122,2025-05-03 15:25:22,"[96241.78, 96230.17, 96230.16, 96230.17, 96230.17]",96230.17,ensemble,UP,0.6266666666666666,UP,0.87544346,XGBoost,UP,0.8754434585571289,True,0.3535635471343994,,,,
1746266127,2025-05-03 15:25:27,"[96230.17, 96230.16, 96230.17, 96230.17, 96230.16]",96230.16,ensemble,UP,0.6266666666666666,UP,0.83626693,XGBoost,UP,0.8362669348716736,True,0.33952951431274414,,,,
1746266132,2025-05-03 15:25:32,"[96230.16, 96230.17, 96230.17, 96230.16, 96230.17]",96230.17,ensemble,UP,0.6266666666666666,UP,0.9108306,XGBoost,UP,0.9108306169509888,True,0.3355448246002197,,,,
1746266137,2025-05-03 15:25:37,"[96230.17, 96230.17, 96230.16, 96230.17, 96230.16]",96230.16,ensemble,UP,0.6266666666666666,UP,0.83626693,XGBoost,UP,0.8362669348716736,True,0.349811315536499,,,,
1746266142,2025-05-03 15:25:42,"[96230.17, 96230.16, 96230.17, 96230.16, 96227.96]",96227.96,ensemble,UP,0.6266666666666666,UP,0.95189923,XGBoost,UP,0.9518992304801941,True,0.5284504890441895,,,,
1746266147,2025-05-03 15:25:47,"[96230.16, 96230.17, 96230.16, 96227.96, 96204.63]",96204.63,ensemble,UP,0.6366666666666666,UP,0.95189923,XGBoost,UP,0.9518992304801941,True,0.3925175666809082,,,,
1746266152,2025-05-03 15:25:52,"[96230.17, 96230.16, 96227.96, 96204.63, 96204.63]",96204.63,ensemble,UP,0.6366666666666666,UP,0.84426934,XGBoost,UP,0.844269335269928,True,0.34850192070007324,,,,
1746266157,2025-05-03 15:25:57,"[96230.16, 96227.96, 96204.63, 96204.63, 96204.63]",96204.63,ensemble,UP,0.6366666666666666,UP,0.8269079,XGBoost,UP,0.8269078731536865,True,0.3665800094604492,True,0d2b1a9b-604a-43ba-b7f3-13164b629d30,BUY,1.0054757595062256
1746266162,2025-05-03 15:26:02,"[96227.96, 96204.63, 96204.63, 96204.63, 96188.97]",96188.97,ensemble,UP,0.6366666666666666,UP,0.82359505,XGBoost,UP,0.8235950469970703,True,0.3612945079803467,,,,
1746266167,2025-05-03 15:26:07,"[96204.63, 96204.63, 96204.63, 96188.97, 96181.99]",96181.99,ensemble,UP,0.6366666666666666,UP,0.9396287,XGBoost,UP,0.9396287202835083,True,0.3777005672454834,,,,
1746266172,2025-05-03 15:26:12,"[96204.63, 96204.63, 96188.97, 96181.99, 96196.0]",96196.0,ensemble,UP,0.6366666666666666,UP,0.87854594,XGBoost,UP,0.8785459399223328,True,0.31842041015625,,,,
1746266177,2025-05-03 15:26:17,"[96204.63, 96188.97, 96181.99, 96196.0, 96196.0]",96196.0,ensemble,UP,0.6366666666666666,UP,0.89843935,XGBoost,UP,0.898439347743988,True,0.34427380561828613,,,,
1746266182,2025-05-03 15:26:22,"[96188.97, 96181.99, 96196.0, 96196.0, 96195.99]",96195.99,ensemble,UP,0.6366666666666666,UP,0.92967707,XGBoost,UP,0.9296770691871643,True,0.30162692070007324,,,,
1746266187,2025-05-03 15:26:27,"[96181.99, 96196.0, 96196.0, 96195.99, 96195.99]",96195.99,ensemble,UP,0.6366666666666666,UP,0.910969,XGBoost,UP,0.9109690189361572,True,0.3690948486328125,,,,
1746266192,2025-05-03 15:26:32,"[96196.0, 96196.0, 96195.99, 96195.99, 96204.63]",96204.63,ensemble,UP,0.6366666666666666,UP,0.8562469,XGBoost,UP,0.8562468886375427,True,0.3908224105834961,,,,
1746266197,2025-05-03 15:26:37,"[96196.0, 96195.99, 96195.99, 96204.63, 96221.66]",96221.66,ensemble,UP,0.6366666666666666,UP,0.8562469,XGBoost,UP,0.8562468886375427,True,0.39234423637390137,,,,
1746266202,2025-05-03 15:26:42,"[96195.99, 96195.99, 96204.63, 96221.66, 96221.65]",96221.65,ensemble,UP,0.6366666666666666,UP,0.8798763,XGBoost,UP,0.8798763155937195,True,0.3584556579589844,,,,
1746266207,2025-05-03 15:26:47,"[96195.99, 96204.63, 96221.66, 96221.65, 96221.66]",96221.66,ensemble,UP,0.6366666666666666,UP,0.92967707,XGBoost,UP,0.9296770691871643,True,0.4040699005126953,True,37282b1c-93ef-47af-a6d2-c4608c0fe56c,BUY,1.0044631958007812
1746266212,2025-05-03 15:26:52,"[96204.63, 96221.66, 96221.65, 96221.66, 96221.66]",96221.66,ensemble,UP,0.6366666666666666,UP,0.910969,XGBoost,UP,0.9109690189361572,True,0.3335750102996826,,,,
1746266217,2025-05-03 15:26:57,"[96221.66, 96221.65, 96221.66, 96221.66, 96221.66]",96221.66,ensemble,UP,0.6366666666666666,UP,0.910969,XGBoost,UP,0.9109690189361572,True,0.36666131019592285,,,,
1746266222,2025-05-03 15:27:02,"[96221.65, 96221.66, 96221.66, 96221.66, 96221.66]",96221.66,ensemble,UP,0.6366666666666666,UP,0.910969,XGBoost,UP,0.9109690189361572,True,0.3501393795013428,,,,
1746266227,2025-05-03 15:27:07,"[96221.66, 96221.66, 96221.66, 96221.66, 96221.66]",96221.66,ensemble,UP,0.6366666666666666,UP,0.87854594,XGBoost,UP,0.8785459399223328,True,0.33754587173461914,,,,
1746266232,2025-05-03 15:27:12,"[96221.66, 96221.66, 96221.66, 96221.66, 96221.65]",96221.65,ensemble,UP,0.6366666666666666,UP,0.95189923,XGBoost,UP,0.9518992304801941,True,0.38454437255859375,,,,
1746266237,2025-05-03 15:27:17,"[96221.66, 96221.66, 96221.66, 96221.65, 96221.66]",96221.66,ensemble,UP,0.6366666666666666,UP,0.910969,XGBoost,UP,0.9109690189361572,True,0.3588390350341797,,,,
1746266242,2025-05-03 15:27:22,"[96221.66, 96221.66, 96221.65, 96221.66, 96221.65]",96221.65,ensemble,UP,0.6366666666666666,UP,0.83626693,XGBoost,UP,0.8362669348716736,True,0.31581783294677734,,,,
1746266247,2025-05-03 15:27:27,"[96221.66, 96221.65, 96221.66, 96221.65, 96221.65]",96221.65,ensemble,UP,0.6366666666666666,UP,0.8269079,XGBoost,UP,0.8269078731536865,True,0.39313244819641113,,,,
1746266252,2025-05-03 15:27:32,"[96221.65, 96221.66, 96221.65, 96221.65, 96221.65]",96221.65,ensemble,UP,0.6366666666666666,UP,0.87544346,XGBoost,UP,0.8754434585571289,True,0.3646128177642822,,,,
1746266257,2025-05-03 15:27:37,"[96221.66, 96221.65, 96221.65, 96221.65, 96221.66]",96221.66,ensemble,UP,0.6366666666666666,UP,0.8707341,XGBoost,UP,0.8707340955734253,True,0.34757065773010254,,,,
1746266262,2025-05-03 15:27:42,"[96221.65, 96221.65, 96221.65, 96221.66, 96221.66]",96221.66,ensemble,UP,0.6366666666666666,UP,0.8707341,XGBoost,UP,0.8707340955734253,True,0.31497716903686523,True,c9a7a8cc-4511-4724-9bad-8ea67d7a6205,BUY,1.0050208568572998
1746266267,2025-05-03 15:27:47,"[96221.65, 96221.65, 96221.66, 96221.66, 96221.66]",96221.66,ensemble,UP,0.6366666666666666,UP,0.9108306,XGBoost,UP,0.9108306169509888,True,0.3140435218811035,,,,
1746266272,2025-05-03 15:27:52,"[96221.65, 96221.66, 96221.66, 96221.66, 96221.65]",96221.65,ensemble,UP,0.6366666666666666,UP,0.83626693,XGBoost,UP,0.8362669348716736,True,0.3832392692565918,,,,
1746266277,2025-05-03 15:27:57,"[96221.66, 96221.66, 96221.66, 96221.65, 96221.66]",96221.66,ensemble,UP,0.6366666666666666,UP,0.910969,XGBoost,UP,0.9109690189361572,True,0.2830371856689453,,,,
1746266282,2025-05-03 15:28:02,"[96221.66, 96221.66, 96221.65, 96221.66, 96221.65]",96221.65,ensemble,UP,0.6366666666666666,UP,0.83626693,XGBoost,UP,0.8362669348716736,True,0.32019782066345215,,,,
1746266287,2025-05-03 15:28:07,"[96221.66, 96221.65, 96221.66, 96221.65, 96221.66]",96221.66,ensemble,UP,0.6366666666666666,UP,0.9108306,XGBoost,UP,0.9108306169509888,True,0.29701709747314453,,,,
1746266292,2025-05-03 15:28:12,"[96221.65, 96221.66, 96221.65, 96221.66, 96221.66]",96221.66,ensemble,UP,0.6366666666666666,UP,0.9108306,XGBoost,UP,0.9108306169509888,True,0.27836108207702637,,,,
1746266297,2025-05-03 15:28:17,"[96221.66, 96221.65, 96221.66, 96221.66, 96221.65]",96221.65,ensemble,UP,0.6366666666666666,UP,0.83626693,XGBoost,UP,0.8362669348716736,True,0.37630701065063477,,,,
1746266302,2025-05-03 15:28:22,"[96221.65, 96221.66, 96221.66, 96221.65, 96221.65]",96221.65,ensemble,UP,0.6366666666666666,UP,0.8269079,XGBoost,UP,0.8269078731536865,True,0.302060604095459,,,,
1746266307,2025-05-03 15:28:27,"[96221.66, 96221.66, 96221.65, 96221.65, 96221.65]",96221.65,ensemble,UP,0.6366666666666666,UP,0.8269079,XGBoost,UP,0.8269078731536865,True,0.34148120880126953,,,,
1746266312,2025-05-03 15:28:32,"[96221.66, 96221.65, 96221.65, 96221.65, 96221.66]",96221.66,ensemble,UP,0.6366666666666666,UP,0.8707341,XGBoost,UP,0.8707340955734253,True,0.3510863780975342,True,94e2b26a-342f-4b8e-bbe1-0ea0a0b095b9,BUY,1.0043368339538574
1746266317,2025-05-03 15:28:37,"[96221.65, 96221.65, 96221.65, 96221.66, 96221.66]",96221.66,ensemble,UP,0.6366666666666666,UP,0.8707341,XGBoost,UP,0.8707340955734253,True,0.3118278980255127,,,,
1746266322,2025-05-03 15:28:42,"[96221.65, 96221.65, 96221.66, 96221.66, 96221.66]",96221.66,ensemble,UP,0.6366666666666666,UP,0.9108306,XGBoost,UP,0.9108306169509888,True,0.28605031967163086,,,,
1746266327,2025-05-03 15:28:47,"[96221.65, 96221.66, 96221.66, 96221.66, 96221.66]",96221.66,ensemble,UP,0.6366666666666666,UP,0.910969,XGBoost,UP,0.9109690189361572,True,0.31143879890441895,,,,
1746266332,2025-05-03 15:28:52,"[96221.66, 96221.66, 96221.66, 96221.66, 96221.66]",96221.66,ensemble,UP,0.6366666666666666,UP,0.87854594,XGBoost,UP,0.8785459399223328,True,0.38222646713256836,,,,
